{
  "tracks": {
    "href": "https://api.spotify.com/v1/search?query=happy&type=track&offset=0&limit=10",
    "items": [
      {
        "album": {
          "album_type": "album",
          "artists": [
            {
              "external_urls": {
                "spotify": "https://open.spotify.com/artist/2Pfv2w8a20xzC7Dr7QXRqM"
              },
              "href": "https://api.spotify.com/v1/artists/2Pfv2w8a20xzC7Dr7QXRqM",
              "id": "2Pfv2w8a20xzC7Dr7QXRqM",
              "name": "Mudvayne",
              "type": "artist",
              "uri": "spotify:artist:2Pfv2w8a20xzC7Dr7QXRqM"
            }
          ],
          "available_markets": [
            "AD",
            "AE",
            "AG",
            "AL",
            "AM",
            "AO",
            "AR",
            "AT",
            "AU",
            "AZ",
            "BA",
            "BB",
            "BD",
            "BE",
            "BF",
            "BG",
            "BH",
            "BI",
            "BJ",
            "BN",
            "BO",
            "BR",
            "BS",
            "BT",
            "BW",
            "BY",
            "BZ",
            "CA",
            "CD",
            "CG",
            "CH",
            "CI",
            "CL",
            "CM",
            "CO",
            "CR",
            "CV",
            "CW",
            "CY",
            "CZ",
            "DE",
            "DJ",
            "DK",
            "DM",
            "DO",
            "DZ",
            "EC",
            "EE",
            "EG",
            "ES",
            "ET",
            "FI",
            "FJ",
            "FM",
            "FR",
            "GA",
            "GB",
            "GD",
            "GE",
            "GH",
            "GM",
            "GN",
            "GQ",
            "GR",
            "GT",
            "GW",
            "GY",
            "HK",
            "HN",
            "HR",
            "HT",
            "HU",
            "ID",
            "IE",
            "IL",
            "IN",
            "IQ",
            "IS",
            "IT",
            "JM",
            "JO",
            "JP",
            "KE",
            "KG",
            "KH",
            "KI",
            "KM",
            "KN",
            "KR",
            "KW",
            "KZ",
            "LA",
            "LB",
            "LC",
            "LI",
            "LK",
            "LR",
            "LS",
            "LT",
            "LU",
            "LV",
            "LY",
            "MA",
            "MC",
            "MD",
            "ME",
            "MG",
            "MH",
            "MK",
            "ML",
            "MN",
            "MO",
            "MR",
            "MT",
            "MU",
            "MV",
            "MW",
            "MX",
            "MY",
            "MZ",
            "NA",
            "NE",
            "NG",
            "NI",
            "NL",
            "NO",
            "NP",
            "NR",
            "NZ",
            "OM",
            "PA",
            "PE",
            "PG",
            "PH",
            "PK",
            "PL",
            "PS",
            "PT",
            "PW",
            "PY",
            "QA",
            "RO",
            "RS",
            "RW",
            "SA",
            "SB",
            "SC",
            "SE",
            "SG",
            "SI",
            "SK",
            "SL",
            "SM",
            "SN",
            "SR",
            "ST",
            "SV",
            "SZ",
            "TD",
            "TG",
            "TH",
            "TJ",
            "TL",
            "TN",
            "TO",
            "TR",
            "TT",
            "TV",
            "TW",
            "TZ",
            "UA",
            "UG",
            "US",
            "UY",
            "UZ",
            "VC",
            "VE",
            "VN",
            "VU",
            "WS",
            "XK",
            "ZA",
            "ZM",
            "ZW"
          ],
          "external_urls": {
            "spotify": "https://open.spotify.com/album/0dCRu5tVhx9fvbVZSxfjfP"
          },
          "href": "https://api.spotify.com/v1/albums/0dCRu5tVhx9fvbVZSxfjfP",
          "id": "0dCRu5tVhx9fvbVZSxfjfP",
          "images": [
            {
              "height": 640,
              "url": "https://i.scdn.co/image/ab67616d0000b273d23c71c684a6e4d669e8deff",
              "width": 640
            },
            {
              "height": 300,
              "url": "https://i.scdn.co/image/ab67616d00001e02d23c71c684a6e4d669e8deff",
              "width": 300
            },
            {
              "height": 64,
              "url": "https://i.scdn.co/image/ab67616d00004851d23c71c684a6e4d669e8deff",
              "width": 64
            }
          ],
          "name": "Lost and Found",
          "release_date": "2005",
          "release_date_precision": "year",
          "total_tracks": 12,
          "type": "album",
          "uri": "spotify:album:0dCRu5tVhx9fvbVZSxfjfP"
        },
        "artists": [
          {
            "external_urls": {
              "spotify": "https://open.spotify.com/artist/2Pfv2w8a20xzC7Dr7QXRqM"
            },
            "href": "https://api.spotify.com/v1/artists/2Pfv2w8a20xzC7Dr7QXRqM",
            "id": "2Pfv2w8a20xzC7Dr7QXRqM",
            "name": "Mudvayne",
            "type": "artist",
            "uri": "spotify:artist:2Pfv2w8a20xzC7Dr7QXRqM"
          }
        ],
        "available_markets": [
          "AR",
          "AU",
          "AT",
          "BE",
          "BO",
          "BR",
          "BG",
          "CA",
          "CL",
          "CO",
          "CR",
          "CY",
          "CZ",
          "DK",
          "DO",
          "DE",
          "EC",
          "EE",
          "SV",
          "FI",
          "FR",
          "GR",
          "GT",
          "HN",
          "HK",
          "HU",
          "IS",
          "IE",
          "IT",
          "LV",
          "LT",
          "LU",
          "MY",
          "MT",
          "MX",
          "NL",
          "NZ",
          "NI",
          "NO",
          "PA",
          "PY",
          "PE",
          "PH",
          "PL",
          "PT",
          "SG",
          "SK",
          "ES",
          "SE",
          "CH",
          "TW",
          "TR",
          "UY",
          "US",
          "GB",
          "AD",
          "LI",
          "MC",
          "ID",
          "JP",
          "TH",
          "VN",
          "RO",
          "IL",
          "ZA",
          "SA",
          "AE",
          "BH",
          "QA",
          "OM",
          "KW",
          "EG",
          "MA",
          "DZ",
          "TN",
          "LB",
          "JO",
          "PS",
          "IN",
          "BY",
          "KZ",
          "MD",
          "UA",
          "AL",
          "BA",
          "HR",
          "ME",
          "MK",
          "RS",
          "SI",
          "KR",
          "BD",
          "PK",
          "LK",
          "GH",
          "KE",
          "NG",
          "TZ",
          "UG",
          "AG",
          "AM",
          "BS",
          "BB",
          "BZ",
          "BT",
          "BW",
          "BF",
          "CV",
          "CW",
          "DM",
          "FJ",
          "GM",
          "GE",
          "GD",
          "GW",
          "GY",
          "HT",
          "JM",
          "KI",
          "LS",
          "LR",
          "MW",
          "MV",
          "ML",
          "MH",
          "FM",
          "NA",
          "NR",
          "NE",
          "PW",
          "PG",
          "WS",
          "SM",
          "ST",
          "SN",
          "SC",
          "SL",
          "SB",
          "KN",
          "LC",
          "VC",
          "SR",
          "TL",
          "TO",
          "TT",
          "TV",
          "VU",
          "AZ",
          "BN",
          "BI",
          "KH",
          "CM",
          "TD",
          "KM",
          "GQ",
          "SZ",
          "GA",
          "GN",
          "KG",
          "LA",
          "MO",
          "MR",
          "MN",
          "NP",
          "RW",
          "TG",
          "UZ",
          "ZW",
          "BJ",
          "MG",
          "MU",
          "MZ",
          "AO",
          "CI",
          "DJ",
          "ZM",
          "CD",
          "CG",
          "IQ",
          "LY",
          "TJ",
          "VE",
          "ET",
          "XK"
        ],
        "disc_number": 1,
        "duration_ms": 216426,
        "explicit": true,
        "external_ids": { "isrc": "USSM10500054" },
        "external_urls": {
          "spotify": "https://open.spotify.com/track/0INUE1K7cEiE8VH63Rv5RJ"
        },
        "href": "https://api.spotify.com/v1/tracks/0INUE1K7cEiE8VH63Rv5RJ",
        "id": "0INUE1K7cEiE8VH63Rv5RJ",
        "is_local": false,
        "name": "Happy?",
        "popularity": 67,
        "preview_url": "https://p.scdn.co/mp3-preview/f2de8d8c563d70943596d4478b11c78d718fdf56?cid=159ebc178c6c47edacedca15239cfd9b",
        "track_number": 3,
        "type": "track",
        "uri": "spotify:track:0INUE1K7cEiE8VH63Rv5RJ"
      },
      {
        "album": {
          "album_type": "album",
          "artists": [
            {
              "external_urls": {
                "spotify": "https://open.spotify.com/artist/6x2LnllRG5uGarZMsD4iO8"
              },
              "href": "https://api.spotify.com/v1/artists/6x2LnllRG5uGarZMsD4iO8",
              "id": "6x2LnllRG5uGarZMsD4iO8",
              "name": "Thomas Rhett",
              "type": "artist",
              "uri": "spotify:artist:6x2LnllRG5uGarZMsD4iO8"
            }
          ],
          "available_markets": ["CA", "MX", "US"],
          "external_urls": {
            "spotify": "https://open.spotify.com/album/4ykbJPI8MPscFzROE8dqLy"
          },
          "href": "https://api.spotify.com/v1/albums/4ykbJPI8MPscFzROE8dqLy",
          "id": "4ykbJPI8MPscFzROE8dqLy",
          "images": [
            {
              "height": 640,
              "url": "https://i.scdn.co/image/ab67616d0000b273f00a1acf866539632b187ea0",
              "width": 640
            },
            {
              "height": 300,
              "url": "https://i.scdn.co/image/ab67616d00001e02f00a1acf866539632b187ea0",
              "width": 300
            },
            {
              "height": 64,
              "url": "https://i.scdn.co/image/ab67616d00004851f00a1acf866539632b187ea0",
              "width": 64
            }
          ],
          "name": "Tangled Up",
          "release_date": "2015-01-01",
          "release_date_precision": "day",
          "total_tracks": 13,
          "type": "album",
          "uri": "spotify:album:4ykbJPI8MPscFzROE8dqLy"
        },
        "artists": [
          {
            "external_urls": {
              "spotify": "https://open.spotify.com/artist/6x2LnllRG5uGarZMsD4iO8"
            },
            "href": "https://api.spotify.com/v1/artists/6x2LnllRG5uGarZMsD4iO8",
            "id": "6x2LnllRG5uGarZMsD4iO8",
            "name": "Thomas Rhett",
            "type": "artist",
            "uri": "spotify:artist:6x2LnllRG5uGarZMsD4iO8"
          }
        ],
        "available_markets": ["CA", "MX", "US"],
        "disc_number": 1,
        "duration_ms": 227426,
        "explicit": false,
        "external_ids": { "isrc": "USLXJ1507199" },
        "external_urls": {
          "spotify": "https://open.spotify.com/track/5kNe7PE09d6Kvw5pAsx23n"
        },
        "href": "https://api.spotify.com/v1/tracks/5kNe7PE09d6Kvw5pAsx23n",
        "id": "5kNe7PE09d6Kvw5pAsx23n",
        "is_local": false,
        "name": "Die A Happy Man",
        "popularity": 70,
        "preview_url": "https://p.scdn.co/mp3-preview/463e456d9a5fa7bee0adba06792950b52e03b736?cid=159ebc178c6c47edacedca15239cfd9b",
        "track_number": 4,
        "type": "track",
        "uri": "spotify:track:5kNe7PE09d6Kvw5pAsx23n"
      },
      {
        "album": {
          "album_type": "album",
          "artists": [
            {
              "external_urls": {
                "spotify": "https://open.spotify.com/artist/2RdwBSPQiwcmiDo9kixcl8"
              },
              "href": "https://api.spotify.com/v1/artists/2RdwBSPQiwcmiDo9kixcl8",
              "id": "2RdwBSPQiwcmiDo9kixcl8",
              "name": "Pharrell Williams",
              "type": "artist",
              "uri": "spotify:artist:2RdwBSPQiwcmiDo9kixcl8"
            }
          ],
          "available_markets": [
            "AD",
            "AE",
            "AG",
            "AL",
            "AM",
            "AO",
            "AR",
            "AT",
            "AU",
            "AZ",
            "BA",
            "BB",
            "BD",
            "BE",
            "BF",
            "BG",
            "BH",
            "BI",
            "BJ",
            "BN",
            "BO",
            "BR",
            "BS",
            "BT",
            "BW",
            "BY",
            "BZ",
            "CA",
            "CD",
            "CG",
            "CH",
            "CI",
            "CL",
            "CM",
            "CO",
            "CR",
            "CV",
            "CW",
            "CY",
            "CZ",
            "DE",
            "DJ",
            "DK",
            "DM",
            "DO",
            "DZ",
            "EC",
            "EE",
            "EG",
            "ES",
            "ET",
            "FI",
            "FJ",
            "FM",
            "FR",
            "GA",
            "GB",
            "GD",
            "GE",
            "GH",
            "GM",
            "GN",
            "GQ",
            "GR",
            "GT",
            "GW",
            "GY",
            "HK",
            "HN",
            "HR",
            "HT",
            "HU",
            "ID",
            "IE",
            "IL",
            "IN",
            "IQ",
            "IS",
            "IT",
            "JM",
            "JO",
            "JP",
            "KE",
            "KG",
            "KH",
            "KI",
            "KM",
            "KN",
            "KR",
            "KW",
            "KZ",
            "LA",
            "LB",
            "LC",
            "LI",
            "LK",
            "LR",
            "LS",
            "LT",
            "LU",
            "LV",
            "LY",
            "MA",
            "MC",
            "MD",
            "ME",
            "MG",
            "MH",
            "MK",
            "ML",
            "MN",
            "MO",
            "MR",
            "MT",
            "MU",
            "MV",
            "MW",
            "MX",
            "MY",
            "MZ",
            "NA",
            "NE",
            "NG",
            "NI",
            "NL",
            "NO",
            "NP",
            "NR",
            "NZ",
            "OM",
            "PA",
            "PE",
            "PG",
            "PH",
            "PK",
            "PL",
            "PS",
            "PT",
            "PW",
            "PY",
            "QA",
            "RO",
            "RS",
            "RW",
            "SA",
            "SB",
            "SC",
            "SE",
            "SG",
            "SI",
            "SK",
            "SL",
            "SM",
            "SN",
            "SR",
            "ST",
            "SV",
            "SZ",
            "TD",
            "TG",
            "TH",
            "TJ",
            "TL",
            "TN",
            "TO",
            "TR",
            "TT",
            "TV",
            "TW",
            "TZ",
            "UA",
            "UG",
            "US",
            "UY",
            "UZ",
            "VC",
            "VE",
            "VN",
            "VU",
            "WS",
            "XK",
            "ZA",
            "ZM",
            "ZW"
          ],
          "external_urls": {
            "spotify": "https://open.spotify.com/album/0lrmy4pJINsFzycJvttX2W"
          },
          "href": "https://api.spotify.com/v1/albums/0lrmy4pJINsFzycJvttX2W",
          "id": "0lrmy4pJINsFzycJvttX2W",
          "images": [
            {
              "height": 640,
              "url": "https://i.scdn.co/image/ab67616d0000b273e8107e6d9214baa81bb79bba",
              "width": 640
            },
            {
              "height": 300,
              "url": "https://i.scdn.co/image/ab67616d00001e02e8107e6d9214baa81bb79bba",
              "width": 300
            },
            {
              "height": 64,
              "url": "https://i.scdn.co/image/ab67616d00004851e8107e6d9214baa81bb79bba",
              "width": 64
            }
          ],
          "name": "G I R L",
          "release_date": "2014-03-03",
          "release_date_precision": "day",
          "total_tracks": 11,
          "type": "album",
          "uri": "spotify:album:0lrmy4pJINsFzycJvttX2W"
        },
        "artists": [
          {
            "external_urls": {
              "spotify": "https://open.spotify.com/artist/2RdwBSPQiwcmiDo9kixcl8"
            },
            "href": "https://api.spotify.com/v1/artists/2RdwBSPQiwcmiDo9kixcl8",
            "id": "2RdwBSPQiwcmiDo9kixcl8",
            "name": "Pharrell Williams",
            "type": "artist",
            "uri": "spotify:artist:2RdwBSPQiwcmiDo9kixcl8"
          }
        ],
        "available_markets": [
          "AR",
          "AU",
          "AT",
          "BE",
          "BO",
          "BR",
          "BG",
          "CA",
          "CL",
          "CO",
          "CR",
          "CY",
          "CZ",
          "DK",
          "DO",
          "DE",
          "EC",
          "EE",
          "SV",
          "FI",
          "FR",
          "GR",
          "GT",
          "HN",
          "HK",
          "HU",
          "IS",
          "IE",
          "IT",
          "LV",
          "LT",
          "LU",
          "MY",
          "MT",
          "MX",
          "NL",
          "NZ",
          "NI",
          "NO",
          "PA",
          "PY",
          "PE",
          "PH",
          "PL",
          "PT",
          "SG",
          "SK",
          "ES",
          "SE",
          "CH",
          "TW",
          "TR",
          "UY",
          "US",
          "GB",
          "AD",
          "LI",
          "MC",
          "ID",
          "JP",
          "TH",
          "VN",
          "RO",
          "IL",
          "ZA",
          "SA",
          "AE",
          "BH",
          "QA",
          "OM",
          "KW",
          "EG",
          "MA",
          "DZ",
          "TN",
          "LB",
          "JO",
          "PS",
          "IN",
          "BY",
          "KZ",
          "MD",
          "UA",
          "AL",
          "BA",
          "HR",
          "ME",
          "MK",
          "RS",
          "SI",
          "KR",
          "BD",
          "PK",
          "LK",
          "GH",
          "KE",
          "NG",
          "TZ",
          "UG",
          "AG",
          "AM",
          "BS",
          "BB",
          "BZ",
          "BT",
          "BW",
          "BF",
          "CV",
          "CW",
          "DM",
          "FJ",
          "GM",
          "GE",
          "GD",
          "GW",
          "GY",
          "HT",
          "JM",
          "KI",
          "LS",
          "LR",
          "MW",
          "MV",
          "ML",
          "MH",
          "FM",
          "NA",
          "NR",
          "NE",
          "PW",
          "PG",
          "WS",
          "SM",
          "ST",
          "SN",
          "SC",
          "SL",
          "SB",
          "KN",
          "LC",
          "VC",
          "SR",
          "TL",
          "TO",
          "TT",
          "TV",
          "VU",
          "AZ",
          "BN",
          "BI",
          "KH",
          "CM",
          "TD",
          "KM",
          "GQ",
          "SZ",
          "GA",
          "GN",
          "KG",
          "LA",
          "MO",
          "MR",
          "MN",
          "NP",
          "RW",
          "TG",
          "UZ",
          "ZW",
          "BJ",
          "MG",
          "MU",
          "MZ",
          "AO",
          "CI",
          "DJ",
          "ZM",
          "CD",
          "CG",
          "IQ",
          "LY",
          "TJ",
          "VE",
          "ET",
          "XK"
        ],
        "disc_number": 1,
        "duration_ms": 232720,
        "explicit": false,
        "external_ids": { "isrc": "USQ4E1300686" },
        "external_urls": {
          "spotify": "https://open.spotify.com/track/60nZcImufyMA1MKQY3dcCH"
        },
        "href": "https://api.spotify.com/v1/tracks/60nZcImufyMA1MKQY3dcCH",
        "id": "60nZcImufyMA1MKQY3dcCH",
        "is_local": false,
        "name": "Happy - From \"Despicable Me 2\"",
        "popularity": 77,
        "preview_url": "https://p.scdn.co/mp3-preview/85ccccfe53fc97626d3e83bf7e4f1e387226e144?cid=159ebc178c6c47edacedca15239cfd9b",
        "track_number": 5,
        "type": "track",
        "uri": "spotify:track:60nZcImufyMA1MKQY3dcCH"
      },
      {
        "album": {
          "album_type": "album",
          "artists": [
            {
              "external_urls": {
                "spotify": "https://open.spotify.com/artist/40XVsFgLf7yGKaC6Yiu7ff"
              },
              "href": "https://api.spotify.com/v1/artists/40XVsFgLf7yGKaC6Yiu7ff",
              "id": "40XVsFgLf7yGKaC6Yiu7ff",
              "name": "Happy Birthday TA",
              "type": "artist",
              "uri": "spotify:artist:40XVsFgLf7yGKaC6Yiu7ff"
            },
            {
              "external_urls": {
                "spotify": "https://open.spotify.com/artist/4POPMvpDC7yGtZZ1agfhT0"
              },
              "href": "https://api.spotify.com/v1/artists/4POPMvpDC7yGtZZ1agfhT0",
              "id": "4POPMvpDC7yGtZZ1agfhT0",
              "name": "Torsten Abrolat",
              "type": "artist",
              "uri": "spotify:artist:4POPMvpDC7yGtZZ1agfhT0"
            },
            {
              "external_urls": {
                "spotify": "https://open.spotify.com/artist/6IM07MmswhpROHB38CDrAy"
              },
              "href": "https://api.spotify.com/v1/artists/6IM07MmswhpROHB38CDrAy",
              "id": "6IM07MmswhpROHB38CDrAy",
              "name": "Toddi Spieluhr",
              "type": "artist",
              "uri": "spotify:artist:6IM07MmswhpROHB38CDrAy"
            }
          ],
          "available_markets": [
            "AD",
            "AE",
            "AG",
            "AL",
            "AM",
            "AO",
            "AR",
            "AT",
            "AU",
            "AZ",
            "BA",
            "BB",
            "BD",
            "BE",
            "BF",
            "BG",
            "BH",
            "BI",
            "BJ",
            "BN",
            "BO",
            "BR",
            "BS",
            "BT",
            "BW",
            "BY",
            "BZ",
            "CA",
            "CD",
            "CG",
            "CH",
            "CI",
            "CL",
            "CM",
            "CO",
            "CR",
            "CV",
            "CW",
            "CY",
            "CZ",
            "DE",
            "DJ",
            "DK",
            "DM",
            "DO",
            "DZ",
            "EC",
            "EE",
            "EG",
            "ES",
            "ET",
            "FI",
            "FJ",
            "FM",
            "FR",
            "GA",
            "GB",
            "GD",
            "GE",
            "GH",
            "GM",
            "GN",
            "GQ",
            "GR",
            "GT",
            "GW",
            "GY",
            "HK",
            "HN",
            "HR",
            "HT",
            "HU",
            "ID",
            "IE",
            "IL",
            "IN",
            "IQ",
            "IS",
            "IT",
            "JM",
            "JO",
            "JP",
            "KE",
            "KG",
            "KH",
            "KI",
            "KM",
            "KN",
            "KR",
            "KW",
            "KZ",
            "LA",
            "LB",
            "LC",
            "LI",
            "LK",
            "LR",
            "LS",
            "LT",
            "LU",
            "LV",
            "LY",
            "MA",
            "MC",
            "MD",
            "ME",
            "MG",
            "MH",
            "MK",
            "ML",
            "MN",
            "MO",
            "MR",
            "MT",
            "MU",
            "MV",
            "MW",
            "MX",
            "MY",
            "MZ",
            "NA",
            "NE",
            "NG",
            "NI",
            "NL",
            "NO",
            "NP",
            "NR",
            "NZ",
            "OM",
            "PA",
            "PE",
            "PG",
            "PH",
            "PK",
            "PL",
            "PS",
            "PT",
            "PW",
            "PY",
            "QA",
            "RO",
            "RS",
            "RW",
            "SA",
            "SB",
            "SC",
            "SE",
            "SG",
            "SI",
            "SK",
            "SL",
            "SM",
            "SN",
            "SR",
            "ST",
            "SV",
            "SZ",
            "TD",
            "TG",
            "TH",
            "TJ",
            "TL",
            "TN",
            "TO",
            "TR",
            "TT",
            "TV",
            "TW",
            "TZ",
            "UA",
            "UG",
            "US",
            "UY",
            "UZ",
            "VC",
            "VE",
            "VN",
            "VU",
            "WS",
            "XK",
            "ZA",
            "ZM",
            "ZW"
          ],
          "external_urls": {
            "spotify": "https://open.spotify.com/album/1tsOX4t0qRI00QXS84v1vW"
          },
          "href": "https://api.spotify.com/v1/albums/1tsOX4t0qRI00QXS84v1vW",
          "id": "1tsOX4t0qRI00QXS84v1vW",
          "images": [
            {
              "height": 640,
              "url": "https://i.scdn.co/image/ab67616d0000b2730cc8b8a3fcd0cd9d284ca105",
              "width": 640
            },
            {
              "height": 300,
              "url": "https://i.scdn.co/image/ab67616d00001e020cc8b8a3fcd0cd9d284ca105",
              "width": 300
            },
            {
              "height": 64,
              "url": "https://i.scdn.co/image/ab67616d000048510cc8b8a3fcd0cd9d284ca105",
              "width": 64
            }
          ],
          "name": "Happy Birthday to You! Songs & Lieder zum Geburtstag, Geburtstagslieder",
          "release_date": "2018-05-17",
          "release_date_precision": "day",
          "total_tracks": 16,
          "type": "album",
          "uri": "spotify:album:1tsOX4t0qRI00QXS84v1vW"
        },
        "artists": [
          {
            "external_urls": {
              "spotify": "https://open.spotify.com/artist/40XVsFgLf7yGKaC6Yiu7ff"
            },
            "href": "https://api.spotify.com/v1/artists/40XVsFgLf7yGKaC6Yiu7ff",
            "id": "40XVsFgLf7yGKaC6Yiu7ff",
            "name": "Happy Birthday TA",
            "type": "artist",
            "uri": "spotify:artist:40XVsFgLf7yGKaC6Yiu7ff"
          },
          {
            "external_urls": {
              "spotify": "https://open.spotify.com/artist/4POPMvpDC7yGtZZ1agfhT0"
            },
            "href": "https://api.spotify.com/v1/artists/4POPMvpDC7yGtZZ1agfhT0",
            "id": "4POPMvpDC7yGtZZ1agfhT0",
            "name": "Torsten Abrolat",
            "type": "artist",
            "uri": "spotify:artist:4POPMvpDC7yGtZZ1agfhT0"
          }
        ],
        "available_markets": [
          "AR",
          "AU",
          "AT",
          "BE",
          "BO",
          "BR",
          "BG",
          "CA",
          "CL",
          "CO",
          "CR",
          "CY",
          "CZ",
          "DK",
          "DO",
          "DE",
          "EC",
          "EE",
          "SV",
          "FI",
          "FR",
          "GR",
          "GT",
          "HN",
          "HK",
          "HU",
          "IS",
          "IE",
          "IT",
          "LV",
          "LT",
          "LU",
          "MY",
          "MT",
          "MX",
          "NL",
          "NZ",
          "NI",
          "NO",
          "PA",
          "PY",
          "PE",
          "PH",
          "PL",
          "PT",
          "SG",
          "SK",
          "ES",
          "SE",
          "CH",
          "TW",
          "TR",
          "UY",
          "US",
          "GB",
          "AD",
          "LI",
          "MC",
          "ID",
          "JP",
          "TH",
          "VN",
          "RO",
          "IL",
          "ZA",
          "SA",
          "AE",
          "BH",
          "QA",
          "OM",
          "KW",
          "EG",
          "MA",
          "DZ",
          "TN",
          "LB",
          "JO",
          "PS",
          "IN",
          "BY",
          "KZ",
          "MD",
          "UA",
          "AL",
          "BA",
          "HR",
          "ME",
          "MK",
          "RS",
          "SI",
          "KR",
          "BD",
          "PK",
          "LK",
          "GH",
          "KE",
          "NG",
          "TZ",
          "UG",
          "AG",
          "AM",
          "BS",
          "BB",
          "BZ",
          "BT",
          "BW",
          "BF",
          "CV",
          "CW",
          "DM",
          "FJ",
          "GM",
          "GE",
          "GD",
          "GW",
          "GY",
          "HT",
          "JM",
          "KI",
          "LS",
          "LR",
          "MW",
          "MV",
          "ML",
          "MH",
          "FM",
          "NA",
          "NR",
          "NE",
          "PW",
          "PG",
          "WS",
          "SM",
          "ST",
          "SN",
          "SC",
          "SL",
          "SB",
          "KN",
          "LC",
          "VC",
          "SR",
          "TL",
          "TO",
          "TT",
          "TV",
          "VU",
          "AZ",
          "BN",
          "BI",
          "KH",
          "CM",
          "TD",
          "KM",
          "GQ",
          "SZ",
          "GA",
          "GN",
          "KG",
          "LA",
          "MO",
          "MR",
          "MN",
          "NP",
          "RW",
          "TG",
          "UZ",
          "ZW",
          "BJ",
          "MG",
          "MU",
          "MZ",
          "AO",
          "CI",
          "DJ",
          "ZM",
          "CD",
          "CG",
          "IQ",
          "LY",
          "TJ",
          "VE",
          "ET",
          "XC",
          "XK"
        ],
        "disc_number": 1,
        "duration_ms": 44269,
        "explicit": false,
        "external_ids": { "isrc": "DELD90805971" },
        "external_urls": {
          "spotify": "https://open.spotify.com/track/6lNTl7eExy6VS8rnD3O8re"
        },
        "href": "https://api.spotify.com/v1/tracks/6lNTl7eExy6VS8rnD3O8re",
        "id": "6lNTl7eExy6VS8rnD3O8re",
        "is_local": false,
        "name": "Happy Birthday to You",
        "popularity": 47,
        "preview_url": "https://p.scdn.co/mp3-preview/49b8a809df4d907bedc54aa0d808f6599ae12bcb?cid=159ebc178c6c47edacedca15239cfd9b",
        "track_number": 1,
        "type": "track",
        "uri": "spotify:track:6lNTl7eExy6VS8rnD3O8re"
      },
      {
        "album": {
          "album_type": "album",
          "artists": [
            {
              "external_urls": {
                "spotify": "https://open.spotify.com/artist/1Ffb6ejR6Fe5IamqA5oRUF"
              },
              "href": "https://api.spotify.com/v1/artists/1Ffb6ejR6Fe5IamqA5oRUF",
              "id": "1Ffb6ejR6Fe5IamqA5oRUF",
              "name": "Bring Me The Horizon",
              "type": "artist",
              "uri": "spotify:artist:1Ffb6ejR6Fe5IamqA5oRUF"
            }
          ],
          "available_markets": [
            "AD",
            "AE",
            "AG",
            "AL",
            "AM",
            "AO",
            "AR",
            "AT",
            "AU",
            "AZ",
            "BA",
            "BB",
            "BD",
            "BE",
            "BF",
            "BG",
            "BH",
            "BI",
            "BJ",
            "BN",
            "BO",
            "BR",
            "BS",
            "BT",
            "BW",
            "BY",
            "BZ",
            "CA",
            "CD",
            "CG",
            "CH",
            "CI",
            "CL",
            "CM",
            "CO",
            "CR",
            "CV",
            "CW",
            "CY",
            "CZ",
            "DE",
            "DJ",
            "DK",
            "DM",
            "DO",
            "DZ",
            "EC",
            "EE",
            "EG",
            "ES",
            "ET",
            "FI",
            "FJ",
            "FM",
            "FR",
            "GA",
            "GB",
            "GD",
            "GE",
            "GH",
            "GM",
            "GN",
            "GQ",
            "GR",
            "GT",
            "GW",
            "GY",
            "HK",
            "HN",
            "HR",
            "HT",
            "HU",
            "ID",
            "IE",
            "IL",
            "IN",
            "IQ",
            "IS",
            "IT",
            "JM",
            "JO",
            "JP",
            "KE",
            "KG",
            "KH",
            "KI",
            "KM",
            "KN",
            "KR",
            "KW",
            "KZ",
            "LA",
            "LB",
            "LC",
            "LI",
            "LK",
            "LR",
            "LS",
            "LT",
            "LU",
            "LV",
            "LY",
            "MA",
            "MC",
            "MD",
            "ME",
            "MG",
            "MH",
            "MK",
            "ML",
            "MN",
            "MO",
            "MR",
            "MT",
            "MU",
            "MV",
            "MW",
            "MX",
            "MY",
            "MZ",
            "NA",
            "NE",
            "NG",
            "NI",
            "NL",
            "NO",
            "NP",
            "NR",
            "NZ",
            "OM",
            "PA",
            "PE",
            "PG",
            "PH",
            "PK",
            "PL",
            "PS",
            "PT",
            "PW",
            "PY",
            "QA",
            "RO",
            "RS",
            "RW",
            "SA",
            "SB",
            "SC",
            "SE",
            "SG",
            "SI",
            "SK",
            "SL",
            "SM",
            "SN",
            "SR",
            "ST",
            "SV",
            "SZ",
            "TD",
            "TG",
            "TH",
            "TJ",
            "TL",
            "TN",
            "TO",
            "TR",
            "TT",
            "TV",
            "TW",
            "TZ",
            "UA",
            "UG",
            "US",
            "UY",
            "UZ",
            "VC",
            "VE",
            "VN",
            "VU",
            "WS",
            "XK",
            "ZA",
            "ZM",
            "ZW"
          ],
          "external_urls": {
            "spotify": "https://open.spotify.com/album/7FqHuAvmREiIwVXVpZ9ooP"
          },
          "href": "https://api.spotify.com/v1/albums/7FqHuAvmREiIwVXVpZ9ooP",
          "id": "7FqHuAvmREiIwVXVpZ9ooP",
          "images": [
            {
              "height": 640,
              "url": "https://i.scdn.co/image/ab67616d0000b273736145b97bab8fa92cb6113f",
              "width": 640
            },
            {
              "height": 300,
              "url": "https://i.scdn.co/image/ab67616d00001e02736145b97bab8fa92cb6113f",
              "width": 300
            },
            {
              "height": 64,
              "url": "https://i.scdn.co/image/ab67616d00004851736145b97bab8fa92cb6113f",
              "width": 64
            }
          ],
          "name": "That's The Spirit",
          "release_date": "2015-09-11",
          "release_date_precision": "day",
          "total_tracks": 11,
          "type": "album",
          "uri": "spotify:album:7FqHuAvmREiIwVXVpZ9ooP"
        },
        "artists": [
          {
            "external_urls": {
              "spotify": "https://open.spotify.com/artist/1Ffb6ejR6Fe5IamqA5oRUF"
            },
            "href": "https://api.spotify.com/v1/artists/1Ffb6ejR6Fe5IamqA5oRUF",
            "id": "1Ffb6ejR6Fe5IamqA5oRUF",
            "name": "Bring Me The Horizon",
            "type": "artist",
            "uri": "spotify:artist:1Ffb6ejR6Fe5IamqA5oRUF"
          }
        ],
        "available_markets": [
          "AR",
          "AU",
          "AT",
          "BE",
          "BO",
          "BR",
          "BG",
          "CA",
          "CL",
          "CO",
          "CR",
          "CY",
          "CZ",
          "DK",
          "DO",
          "DE",
          "EC",
          "EE",
          "SV",
          "FI",
          "FR",
          "GR",
          "GT",
          "HN",
          "HK",
          "HU",
          "IS",
          "IE",
          "IT",
          "LV",
          "LT",
          "LU",
          "MY",
          "MT",
          "MX",
          "NL",
          "NZ",
          "NI",
          "NO",
          "PA",
          "PY",
          "PE",
          "PH",
          "PL",
          "PT",
          "SG",
          "SK",
          "ES",
          "SE",
          "CH",
          "TW",
          "TR",
          "UY",
          "US",
          "GB",
          "AD",
          "LI",
          "MC",
          "ID",
          "JP",
          "TH",
          "VN",
          "RO",
          "IL",
          "ZA",
          "SA",
          "AE",
          "BH",
          "QA",
          "OM",
          "KW",
          "EG",
          "MA",
          "DZ",
          "TN",
          "LB",
          "JO",
          "PS",
          "IN",
          "BY",
          "KZ",
          "MD",
          "UA",
          "AL",
          "BA",
          "HR",
          "ME",
          "MK",
          "RS",
          "SI",
          "KR",
          "BD",
          "PK",
          "LK",
          "GH",
          "KE",
          "NG",
          "TZ",
          "UG",
          "AG",
          "AM",
          "BS",
          "BB",
          "BZ",
          "BT",
          "BW",
          "BF",
          "CV",
          "CW",
          "DM",
          "FJ",
          "GM",
          "GE",
          "GD",
          "GW",
          "GY",
          "HT",
          "JM",
          "KI",
          "LS",
          "LR",
          "MW",
          "MV",
          "ML",
          "MH",
          "FM",
          "NA",
          "NR",
          "NE",
          "PW",
          "PG",
          "WS",
          "SM",
          "ST",
          "SN",
          "SC",
          "SL",
          "SB",
          "KN",
          "LC",
          "VC",
          "SR",
          "TL",
          "TO",
          "TT",
          "TV",
          "VU",
          "AZ",
          "BN",
          "BI",
          "KH",
          "CM",
          "TD",
          "KM",
          "GQ",
          "SZ",
          "GA",
          "GN",
          "KG",
          "LA",
          "MO",
          "MR",
          "MN",
          "NP",
          "RW",
          "TG",
          "UZ",
          "ZW",
          "BJ",
          "MG",
          "MU",
          "MZ",
          "AO",
          "CI",
          "DJ",
          "ZM",
          "CD",
          "CG",
          "IQ",
          "LY",
          "TJ",
          "VE",
          "ET",
          "XK"
        ],
        "disc_number": 1,
        "duration_ms": 239386,
        "explicit": true,
        "external_ids": { "isrc": "GBARL1500769" },
        "external_urls": {
          "spotify": "https://open.spotify.com/track/1yYE8EyuIV0rrvQ1bA2Fyf"
        },
        "href": "https://api.spotify.com/v1/tracks/1yYE8EyuIV0rrvQ1bA2Fyf",
        "id": "1yYE8EyuIV0rrvQ1bA2Fyf",
        "is_local": false,
        "name": "Happy Song",
        "popularity": 65,
        "preview_url": "https://p.scdn.co/mp3-preview/5ebf400544f5fa5aadbb546abb85192ea88531e9?cid=159ebc178c6c47edacedca15239cfd9b",
        "track_number": 2,
        "type": "track",
        "uri": "spotify:track:1yYE8EyuIV0rrvQ1bA2Fyf"
      },
      {
        "album": {
          "album_type": "single",
          "artists": [
            {
              "external_urls": {
                "spotify": "https://open.spotify.com/artist/0ghlgldX5Dd6720Q3qFyQB"
              },
              "href": "https://api.spotify.com/v1/artists/0ghlgldX5Dd6720Q3qFyQB",
              "id": "0ghlgldX5Dd6720Q3qFyQB",
              "name": "TOMORROW X TOGETHER",
              "type": "artist",
              "uri": "spotify:artist:0ghlgldX5Dd6720Q3qFyQB"
            }
          ],
          "available_markets": [
            "AD",
            "AE",
            "AG",
            "AL",
            "AM",
            "AO",
            "AR",
            "AT",
            "AU",
            "AZ",
            "BA",
            "BB",
            "BD",
            "BE",
            "BF",
            "BG",
            "BH",
            "BI",
            "BJ",
            "BN",
            "BO",
            "BR",
            "BS",
            "BT",
            "BW",
            "BY",
            "BZ",
            "CA",
            "CD",
            "CG",
            "CH",
            "CI",
            "CL",
            "CM",
            "CO",
            "CR",
            "CV",
            "CW",
            "CY",
            "CZ",
            "DE",
            "DJ",
            "DK",
            "DM",
            "DO",
            "DZ",
            "EC",
            "EE",
            "EG",
            "ES",
            "ET",
            "FI",
            "FJ",
            "FM",
            "FR",
            "GA",
            "GB",
            "GD",
            "GE",
            "GH",
            "GM",
            "GN",
            "GQ",
            "GR",
            "GT",
            "GW",
            "GY",
            "HK",
            "HN",
            "HR",
            "HT",
            "HU",
            "ID",
            "IE",
            "IL",
            "IN",
            "IQ",
            "IS",
            "IT",
            "JM",
            "JO",
            "JP",
            "KE",
            "KG",
            "KH",
            "KI",
            "KM",
            "KN",
            "KR",
            "KW",
            "KZ",
            "LA",
            "LB",
            "LC",
            "LI",
            "LK",
            "LR",
            "LS",
            "LT",
            "LU",
            "LV",
            "LY",
            "MA",
            "MC",
            "MD",
            "ME",
            "MG",
            "MH",
            "MK",
            "ML",
            "MN",
            "MO",
            "MR",
            "MT",
            "MU",
            "MV",
            "MW",
            "MX",
            "MY",
            "MZ",
            "NA",
            "NE",
            "NG",
            "NI",
            "NL",
            "NO",
            "NP",
            "NR",
            "NZ",
            "OM",
            "PA",
            "PE",
            "PG",
            "PH",
            "PK",
            "PL",
            "PS",
            "PT",
            "PW",
            "PY",
            "QA",
            "RO",
            "RS",
            "RW",
            "SA",
            "SB",
            "SC",
            "SE",
            "SG",
            "SI",
            "SK",
            "SL",
            "SM",
            "SN",
            "SR",
            "ST",
            "SV",
            "SZ",
            "TD",
            "TG",
            "TH",
            "TJ",
            "TL",
            "TN",
            "TO",
            "TR",
            "TT",
            "TV",
            "TW",
            "TZ",
            "UA",
            "UG",
            "US",
            "UY",
            "UZ",
            "VC",
            "VE",
            "VN",
            "VU",
            "WS",
            "XK",
            "ZA",
            "ZM",
            "ZW"
          ],
          "external_urls": {
            "spotify": "https://open.spotify.com/album/7gkb4MxKe9rnoR3wxbJXJg"
          },
          "href": "https://api.spotify.com/v1/albums/7gkb4MxKe9rnoR3wxbJXJg",
          "id": "7gkb4MxKe9rnoR3wxbJXJg",
          "images": [
            {
              "height": 640,
              "url": "https://i.scdn.co/image/ab67616d0000b2733bb056e3160b85ee86c1194d",
              "width": 640
            },
            {
              "height": 300,
              "url": "https://i.scdn.co/image/ab67616d00001e023bb056e3160b85ee86c1194d",
              "width": 300
            },
            {
              "height": 64,
              "url": "https://i.scdn.co/image/ab67616d000048513bb056e3160b85ee86c1194d",
              "width": 64
            }
          ],
          "name": "The Name Chapter: TEMPTATION",
          "release_date": "2023-01-27",
          "release_date_precision": "day",
          "total_tracks": 5,
          "type": "album",
          "uri": "spotify:album:7gkb4MxKe9rnoR3wxbJXJg"
        },
        "artists": [
          {
            "external_urls": {
              "spotify": "https://open.spotify.com/artist/0ghlgldX5Dd6720Q3qFyQB"
            },
            "href": "https://api.spotify.com/v1/artists/0ghlgldX5Dd6720Q3qFyQB",
            "id": "0ghlgldX5Dd6720Q3qFyQB",
            "name": "TOMORROW X TOGETHER",
            "type": "artist",
            "uri": "spotify:artist:0ghlgldX5Dd6720Q3qFyQB"
          },
          {
            "external_urls": {
              "spotify": "https://open.spotify.com/artist/6AMd49uBDJfhf30Ak2QR5s"
            },
            "href": "https://api.spotify.com/v1/artists/6AMd49uBDJfhf30Ak2QR5s",
            "id": "6AMd49uBDJfhf30Ak2QR5s",
            "name": "Coi Leray",
            "type": "artist",
            "uri": "spotify:artist:6AMd49uBDJfhf30Ak2QR5s"
          }
        ],
        "available_markets": [
          "AR",
          "AU",
          "AT",
          "BE",
          "BO",
          "BR",
          "BG",
          "CA",
          "CL",
          "CO",
          "CR",
          "CY",
          "CZ",
          "DK",
          "DO",
          "DE",
          "EC",
          "EE",
          "SV",
          "FI",
          "FR",
          "GR",
          "GT",
          "HN",
          "HK",
          "HU",
          "IS",
          "IE",
          "IT",
          "LV",
          "LT",
          "LU",
          "MY",
          "MT",
          "MX",
          "NL",
          "NZ",
          "NI",
          "NO",
          "PA",
          "PY",
          "PE",
          "PH",
          "PL",
          "PT",
          "SG",
          "SK",
          "ES",
          "SE",
          "CH",
          "TW",
          "TR",
          "UY",
          "US",
          "GB",
          "AD",
          "LI",
          "MC",
          "ID",
          "JP",
          "TH",
          "VN",
          "RO",
          "IL",
          "ZA",
          "SA",
          "AE",
          "BH",
          "QA",
          "OM",
          "KW",
          "EG",
          "MA",
          "DZ",
          "TN",
          "LB",
          "JO",
          "PS",
          "IN",
          "BY",
          "KZ",
          "MD",
          "UA",
          "AL",
          "BA",
          "HR",
          "ME",
          "MK",
          "RS",
          "SI",
          "KR",
          "BD",
          "PK",
          "LK",
          "GH",
          "KE",
          "NG",
          "TZ",
          "UG",
          "AG",
          "AM",
          "BS",
          "BB",
          "BZ",
          "BT",
          "BW",
          "BF",
          "CV",
          "CW",
          "DM",
          "FJ",
          "GM",
          "GE",
          "GD",
          "GW",
          "GY",
          "HT",
          "JM",
          "KI",
          "LS",
          "LR",
          "MW",
          "MV",
          "ML",
          "MH",
          "FM",
          "NA",
          "NR",
          "NE",
          "PW",
          "PG",
          "WS",
          "SM",
          "ST",
          "SN",
          "SC",
          "SL",
          "SB",
          "KN",
          "LC",
          "VC",
          "SR",
          "TL",
          "TO",
          "TT",
          "TV",
          "VU",
          "AZ",
          "BN",
          "BI",
          "KH",
          "CM",
          "TD",
          "KM",
          "GQ",
          "SZ",
          "GA",
          "GN",
          "KG",
          "LA",
          "MO",
          "MR",
          "MN",
          "NP",
          "RW",
          "TG",
          "UZ",
          "ZW",
          "BJ",
          "MG",
          "MU",
          "MZ",
          "AO",
          "CI",
          "DJ",
          "ZM",
          "CD",
          "CG",
          "IQ",
          "LY",
          "TJ",
          "VE",
          "ET",
          "XC",
          "XK"
        ],
        "disc_number": 1,
        "duration_ms": 155753,
        "explicit": false,
        "external_ids": { "isrc": "USA2P2243433" },
        "external_urls": {
          "spotify": "https://open.spotify.com/track/77LZvE2XLYn2AW55UxIG8H"
        },
        "href": "https://api.spotify.com/v1/tracks/77LZvE2XLYn2AW55UxIG8H",
        "id": "77LZvE2XLYn2AW55UxIG8H",
        "is_local": false,
        "name": "Happy Fools (feat. Coi Leray)",
        "popularity": 72,
        "preview_url": "https://p.scdn.co/mp3-preview/0a0eebb853a5b1470520dccc82a319e59706f41f?cid=159ebc178c6c47edacedca15239cfd9b",
        "track_number": 3,
        "type": "track",
        "uri": "spotify:track:77LZvE2XLYn2AW55UxIG8H"
      },
      {
        "album": {
          "album_type": "album",
          "artists": [
            {
              "external_urls": {
                "spotify": "https://open.spotify.com/artist/3kVUvbeRdcrqQ3oHk5hPdx"
              },
              "href": "https://api.spotify.com/v1/artists/3kVUvbeRdcrqQ3oHk5hPdx",
              "id": "3kVUvbeRdcrqQ3oHk5hPdx",
              "name": "Grouplove",
              "type": "artist",
              "uri": "spotify:artist:3kVUvbeRdcrqQ3oHk5hPdx"
            }
          ],
          "available_markets": [
            "AD",
            "AE",
            "AG",
            "AL",
            "AM",
            "AO",
            "AR",
            "AT",
            "AU",
            "AZ",
            "BA",
            "BB",
            "BD",
            "BE",
            "BF",
            "BG",
            "BH",
            "BI",
            "BJ",
            "BN",
            "BO",
            "BR",
            "BS",
            "BW",
            "BY",
            "BZ",
            "CA",
            "CD",
            "CG",
            "CH",
            "CI",
            "CL",
            "CM",
            "CO",
            "CR",
            "CV",
            "CW",
            "CY",
            "CZ",
            "DE",
            "DJ",
            "DK",
            "DM",
            "DO",
            "DZ",
            "EC",
            "EE",
            "EG",
            "ES",
            "ET",
            "FI",
            "FJ",
            "FM",
            "GA",
            "GB",
            "GD",
            "GE",
            "GH",
            "GM",
            "GN",
            "GQ",
            "GR",
            "GT",
            "GW",
            "HK",
            "HN",
            "HR",
            "HT",
            "HU",
            "ID",
            "IE",
            "IL",
            "IN",
            "IQ",
            "IS",
            "IT",
            "JM",
            "JO",
            "JP",
            "KE",
            "KG",
            "KH",
            "KM",
            "KN",
            "KR",
            "KW",
            "KZ",
            "LA",
            "LB",
            "LC",
            "LI",
            "LK",
            "LR",
            "LS",
            "LT",
            "LU",
            "LV",
            "LY",
            "MA",
            "MC",
            "MD",
            "ME",
            "MG",
            "MK",
            "ML",
            "MN",
            "MO",
            "MR",
            "MT",
            "MU",
            "MW",
            "MX",
            "MY",
            "MZ",
            "NA",
            "NE",
            "NG",
            "NI",
            "NL",
            "NO",
            "NP",
            "NZ",
            "OM",
            "PA",
            "PE",
            "PG",
            "PH",
            "PK",
            "PL",
            "PS",
            "PT",
            "PY",
            "QA",
            "RO",
            "RS",
            "RW",
            "SA",
            "SC",
            "SE",
            "SG",
            "SI",
            "SK",
            "SL",
            "SM",
            "SN",
            "ST",
            "SV",
            "SZ",
            "TD",
            "TG",
            "TH",
            "TJ",
            "TL",
            "TN",
            "TR",
            "TT",
            "TW",
            "TZ",
            "UA",
            "UG",
            "US",
            "UY",
            "UZ",
            "VC",
            "VE",
            "VN",
            "XK",
            "ZA",
            "ZM",
            "ZW"
          ],
          "external_urls": {
            "spotify": "https://open.spotify.com/album/3oylWMc9TTC6Nx4I6U3axc"
          },
          "href": "https://api.spotify.com/v1/albums/3oylWMc9TTC6Nx4I6U3axc",
          "id": "3oylWMc9TTC6Nx4I6U3axc",
          "images": [
            {
              "height": 640,
              "url": "https://i.scdn.co/image/ab67616d0000b273d84a9bbcba91cb6a4a212b1b",
              "width": 640
            },
            {
              "height": 300,
              "url": "https://i.scdn.co/image/ab67616d00001e02d84a9bbcba91cb6a4a212b1b",
              "width": 300
            },
            {
              "height": 64,
              "url": "https://i.scdn.co/image/ab67616d00004851d84a9bbcba91cb6a4a212b1b",
              "width": 64
            }
          ],
          "name": "Never Trust a Happy Song",
          "release_date": "2011-09-02",
          "release_date_precision": "day",
          "total_tracks": 12,
          "type": "album",
          "uri": "spotify:album:3oylWMc9TTC6Nx4I6U3axc"
        },
        "artists": [
          {
            "external_urls": {
              "spotify": "https://open.spotify.com/artist/3kVUvbeRdcrqQ3oHk5hPdx"
            },
            "href": "https://api.spotify.com/v1/artists/3kVUvbeRdcrqQ3oHk5hPdx",
            "id": "3kVUvbeRdcrqQ3oHk5hPdx",
            "name": "Grouplove",
            "type": "artist",
            "uri": "spotify:artist:3kVUvbeRdcrqQ3oHk5hPdx"
          }
        ],
        "available_markets": [
          "AR",
          "AU",
          "AT",
          "BE",
          "BO",
          "BR",
          "BG",
          "CA",
          "CL",
          "CO",
          "CR",
          "CY",
          "CZ",
          "DK",
          "DO",
          "DE",
          "EC",
          "EE",
          "SV",
          "FI",
          "GR",
          "GT",
          "HN",
          "HK",
          "HU",
          "IS",
          "IE",
          "IT",
          "LV",
          "LT",
          "LU",
          "MY",
          "MT",
          "MX",
          "NL",
          "NZ",
          "NI",
          "NO",
          "PA",
          "PY",
          "PE",
          "PH",
          "PL",
          "PT",
          "SG",
          "SK",
          "ES",
          "SE",
          "CH",
          "TW",
          "TR",
          "UY",
          "US",
          "GB",
          "AD",
          "LI",
          "MC",
          "ID",
          "JP",
          "TH",
          "VN",
          "RO",
          "IL",
          "ZA",
          "SA",
          "AE",
          "BH",
          "QA",
          "OM",
          "KW",
          "EG",
          "MA",
          "DZ",
          "TN",
          "LB",
          "JO",
          "PS",
          "IN",
          "BY",
          "KZ",
          "MD",
          "UA",
          "AL",
          "BA",
          "HR",
          "ME",
          "MK",
          "RS",
          "SI",
          "KR",
          "BD",
          "PK",
          "LK",
          "GH",
          "KE",
          "NG",
          "TZ",
          "UG",
          "AG",
          "AM",
          "BS",
          "BB",
          "BZ",
          "BW",
          "BF",
          "CV",
          "CW",
          "DM",
          "FJ",
          "GM",
          "GE",
          "GD",
          "GW",
          "HT",
          "JM",
          "LS",
          "LR",
          "MW",
          "ML",
          "FM",
          "NA",
          "NE",
          "PG",
          "SM",
          "ST",
          "SN",
          "SC",
          "SL",
          "KN",
          "LC",
          "VC",
          "TL",
          "TT",
          "AZ",
          "BN",
          "BI",
          "KH",
          "CM",
          "TD",
          "KM",
          "GQ",
          "SZ",
          "GA",
          "GN",
          "KG",
          "LA",
          "MO",
          "MR",
          "MN",
          "NP",
          "RW",
          "TG",
          "UZ",
          "ZW",
          "BJ",
          "MG",
          "MU",
          "MZ",
          "AO",
          "CI",
          "DJ",
          "ZM",
          "CD",
          "CG",
          "IQ",
          "LY",
          "TJ",
          "VE",
          "ET",
          "XK"
        ],
        "disc_number": 1,
        "duration_ms": 218013,
        "explicit": false,
        "external_ids": { "isrc": "USAT21101334" },
        "external_urls": {
          "spotify": "https://open.spotify.com/track/0GO8y8jQk1PkHzS31d699N"
        },
        "href": "https://api.spotify.com/v1/tracks/0GO8y8jQk1PkHzS31d699N",
        "id": "0GO8y8jQk1PkHzS31d699N",
        "is_local": false,
        "name": "Tongue Tied",
        "popularity": 74,
        "preview_url": "https://p.scdn.co/mp3-preview/bf29e74c562ce75d41fd729121ce7df9812c0d63?cid=159ebc178c6c47edacedca15239cfd9b",
        "track_number": 2,
        "type": "track",
        "uri": "spotify:track:0GO8y8jQk1PkHzS31d699N"
      },
      {
        "album": {
          "album_type": "album",
          "artists": [
            {
              "external_urls": {
                "spotify": "https://open.spotify.com/artist/7guDJrEfX3qb6FEbdPA5qi"
              },
              "href": "https://api.spotify.com/v1/artists/7guDJrEfX3qb6FEbdPA5qi",
              "id": "7guDJrEfX3qb6FEbdPA5qi",
              "name": "Stevie Wonder",
              "type": "artist",
              "uri": "spotify:artist:7guDJrEfX3qb6FEbdPA5qi"
            }
          ],
          "available_markets": [
            "AD",
            "AE",
            "AG",
            "AL",
            "AM",
            "AO",
            "AR",
            "AT",
            "AU",
            "AZ",
            "BA",
            "BB",
            "BD",
            "BE",
            "BF",
            "BG",
            "BH",
            "BI",
            "BJ",
            "BN",
            "BO",
            "BR",
            "BS",
            "BT",
            "BW",
            "BY",
            "BZ",
            "CA",
            "CD",
            "CG",
            "CH",
            "CI",
            "CL",
            "CM",
            "CO",
            "CR",
            "CV",
            "CW",
            "CY",
            "CZ",
            "DE",
            "DJ",
            "DK",
            "DM",
            "DO",
            "DZ",
            "EC",
            "EE",
            "EG",
            "ES",
            "FI",
            "FJ",
            "FM",
            "FR",
            "GA",
            "GB",
            "GD",
            "GH",
            "GM",
            "GN",
            "GQ",
            "GR",
            "GT",
            "GW",
            "GY",
            "HK",
            "HN",
            "HR",
            "HT",
            "HU",
            "ID",
            "IE",
            "IL",
            "IN",
            "IQ",
            "IS",
            "IT",
            "JM",
            "JO",
            "JP",
            "KE",
            "KG",
            "KH",
            "KI",
            "KM",
            "KN",
            "KR",
            "KW",
            "KZ",
            "LA",
            "LB",
            "LC",
            "LI",
            "LK",
            "LR",
            "LS",
            "LT",
            "LU",
            "LV",
            "MC",
            "MD",
            "ME",
            "MG",
            "MH",
            "MK",
            "ML",
            "MN",
            "MO",
            "MR",
            "MT",
            "MU",
            "MV",
            "MW",
            "MX",
            "MY",
            "MZ",
            "NA",
            "NE",
            "NG",
            "NI",
            "NL",
            "NO",
            "NP",
            "NR",
            "NZ",
            "OM",
            "PA",
            "PE",
            "PG",
            "PH",
            "PK",
            "PL",
            "PS",
            "PT",
            "PW",
            "PY",
            "QA",
            "RO",
            "RS",
            "RW",
            "SA",
            "SB",
            "SC",
            "SE",
            "SG",
            "SI",
            "SK",
            "SL",
            "SN",
            "SR",
            "ST",
            "SV",
            "SZ",
            "TD",
            "TG",
            "TH",
            "TJ",
            "TL",
            "TN",
            "TO",
            "TR",
            "TT",
            "TV",
            "TW",
            "TZ",
            "UA",
            "UG",
            "US",
            "UY",
            "UZ",
            "VC",
            "VE",
            "VN",
            "WS",
            "XK",
            "ZA",
            "ZM",
            "ZW"
          ],
          "external_urls": {
            "spotify": "https://open.spotify.com/album/2tO3rrZ6q3OjHJMGVo13dh"
          },
          "href": "https://api.spotify.com/v1/albums/2tO3rrZ6q3OjHJMGVo13dh",
          "id": "2tO3rrZ6q3OjHJMGVo13dh",
          "images": [
            {
              "height": 640,
              "url": "https://i.scdn.co/image/ab67616d0000b273fa5e6a681840021eb63e75ad",
              "width": 640
            },
            {
              "height": 300,
              "url": "https://i.scdn.co/image/ab67616d00001e02fa5e6a681840021eb63e75ad",
              "width": 300
            },
            {
              "height": 64,
              "url": "https://i.scdn.co/image/ab67616d00004851fa5e6a681840021eb63e75ad",
              "width": 64
            }
          ],
          "name": "Hotter Than July",
          "release_date": "1980-09-29",
          "release_date_precision": "day",
          "total_tracks": 10,
          "type": "album",
          "uri": "spotify:album:2tO3rrZ6q3OjHJMGVo13dh"
        },
        "artists": [
          {
            "external_urls": {
              "spotify": "https://open.spotify.com/artist/7guDJrEfX3qb6FEbdPA5qi"
            },
            "href": "https://api.spotify.com/v1/artists/7guDJrEfX3qb6FEbdPA5qi",
            "id": "7guDJrEfX3qb6FEbdPA5qi",
            "name": "Stevie Wonder",
            "type": "artist",
            "uri": "spotify:artist:7guDJrEfX3qb6FEbdPA5qi"
          }
        ],
        "available_markets": [
          "AR",
          "AU",
          "AT",
          "BE",
          "BO",
          "BR",
          "BG",
          "CA",
          "CL",
          "CO",
          "CR",
          "CY",
          "CZ",
          "DK",
          "DO",
          "DE",
          "EC",
          "EE",
          "SV",
          "FI",
          "FR",
          "GR",
          "GT",
          "HN",
          "HK",
          "HU",
          "IS",
          "IE",
          "IT",
          "LV",
          "LT",
          "LU",
          "MY",
          "MT",
          "MX",
          "NL",
          "NZ",
          "NI",
          "NO",
          "PA",
          "PY",
          "PE",
          "PH",
          "PL",
          "PT",
          "SG",
          "SK",
          "ES",
          "SE",
          "CH",
          "TW",
          "TR",
          "UY",
          "US",
          "GB",
          "AD",
          "LI",
          "MC",
          "ID",
          "JP",
          "TH",
          "VN",
          "RO",
          "IL",
          "ZA",
          "SA",
          "AE",
          "BH",
          "QA",
          "OM",
          "KW",
          "EG",
          "DZ",
          "TN",
          "LB",
          "JO",
          "PS",
          "IN",
          "BY",
          "KZ",
          "MD",
          "UA",
          "AL",
          "BA",
          "HR",
          "ME",
          "MK",
          "RS",
          "SI",
          "KR",
          "BD",
          "PK",
          "LK",
          "GH",
          "KE",
          "NG",
          "TZ",
          "UG",
          "AG",
          "AM",
          "BS",
          "BB",
          "BZ",
          "BT",
          "BW",
          "BF",
          "CV",
          "CW",
          "DM",
          "FJ",
          "GM",
          "GD",
          "GW",
          "GY",
          "HT",
          "JM",
          "KI",
          "LS",
          "LR",
          "MW",
          "MV",
          "ML",
          "MH",
          "FM",
          "NA",
          "NR",
          "NE",
          "PW",
          "PG",
          "WS",
          "ST",
          "SN",
          "SC",
          "SL",
          "SB",
          "KN",
          "LC",
          "VC",
          "SR",
          "TL",
          "TO",
          "TT",
          "TV",
          "AZ",
          "BN",
          "BI",
          "KH",
          "CM",
          "TD",
          "KM",
          "GQ",
          "SZ",
          "GA",
          "GN",
          "KG",
          "LA",
          "MO",
          "MR",
          "MN",
          "NP",
          "RW",
          "TG",
          "UZ",
          "ZW",
          "BJ",
          "MG",
          "MU",
          "MZ",
          "AO",
          "CI",
          "DJ",
          "ZM",
          "CD",
          "CG",
          "IQ",
          "TJ",
          "VE",
          "XK"
        ],
        "disc_number": 1,
        "duration_ms": 357026,
        "explicit": false,
        "external_ids": { "isrc": "USMO18084666" },
        "external_urls": {
          "spotify": "https://open.spotify.com/track/01lewSOj9ZaXplh9TpNKL4"
        },
        "href": "https://api.spotify.com/v1/tracks/01lewSOj9ZaXplh9TpNKL4",
        "id": "01lewSOj9ZaXplh9TpNKL4",
        "is_local": false,
        "name": "Happy Birthday",
        "popularity": 58,
        "preview_url": "https://p.scdn.co/mp3-preview/c0fdb479f860d61b2b67ba63c44aa659014503a7?cid=159ebc178c6c47edacedca15239cfd9b",
        "track_number": 10,
        "type": "track",
        "uri": "spotify:track:01lewSOj9ZaXplh9TpNKL4"
      },
      {
        "album": {
          "album_type": "single",
          "artists": [
            {
              "external_urls": {
                "spotify": "https://open.spotify.com/artist/6Xb4ezwoAQC4516kI89nWz"
              },
              "href": "https://api.spotify.com/v1/artists/6Xb4ezwoAQC4516kI89nWz",
              "id": "6Xb4ezwoAQC4516kI89nWz",
              "name": "Imogen Heap",
              "type": "artist",
              "uri": "spotify:artist:6Xb4ezwoAQC4516kI89nWz"
            }
          ],
          "available_markets": [
            "AD",
            "AE",
            "AG",
            "AL",
            "AM",
            "AO",
            "AR",
            "AT",
            "AU",
            "AZ",
            "BA",
            "BB",
            "BD",
            "BE",
            "BF",
            "BG",
            "BH",
            "BI",
            "BJ",
            "BN",
            "BO",
            "BR",
            "BS",
            "BT",
            "BW",
            "BY",
            "BZ",
            "CA",
            "CD",
            "CG",
            "CH",
            "CI",
            "CL",
            "CM",
            "CO",
            "CR",
            "CV",
            "CW",
            "CY",
            "CZ",
            "DE",
            "DJ",
            "DK",
            "DM",
            "DO",
            "DZ",
            "EC",
            "EE",
            "EG",
            "ES",
            "ET",
            "FI",
            "FJ",
            "FM",
            "FR",
            "GA",
            "GB",
            "GD",
            "GE",
            "GH",
            "GM",
            "GN",
            "GQ",
            "GR",
            "GT",
            "GW",
            "GY",
            "HK",
            "HN",
            "HR",
            "HT",
            "HU",
            "ID",
            "IE",
            "IL",
            "IN",
            "IQ",
            "IS",
            "IT",
            "JM",
            "JO",
            "JP",
            "KE",
            "KG",
            "KH",
            "KI",
            "KM",
            "KN",
            "KR",
            "KW",
            "KZ",
            "LA",
            "LB",
            "LC",
            "LI",
            "LK",
            "LR",
            "LS",
            "LT",
            "LU",
            "LV",
            "LY",
            "MA",
            "MC",
            "MD",
            "ME",
            "MG",
            "MH",
            "MK",
            "ML",
            "MN",
            "MO",
            "MR",
            "MT",
            "MU",
            "MV",
            "MW",
            "MX",
            "MY",
            "MZ",
            "NA",
            "NE",
            "NG",
            "NI",
            "NL",
            "NO",
            "NP",
            "NR",
            "NZ",
            "OM",
            "PA",
            "PE",
            "PG",
            "PH",
            "PK",
            "PL",
            "PS",
            "PT",
            "PW",
            "PY",
            "QA",
            "RO",
            "RS",
            "RW",
            "SA",
            "SB",
            "SC",
            "SE",
            "SG",
            "SI",
            "SK",
            "SL",
            "SM",
            "SN",
            "SR",
            "ST",
            "SV",
            "SZ",
            "TD",
            "TG",
            "TH",
            "TJ",
            "TL",
            "TN",
            "TO",
            "TR",
            "TT",
            "TV",
            "TW",
            "TZ",
            "UA",
            "UG",
            "US",
            "UY",
            "UZ",
            "VC",
            "VE",
            "VN",
            "VU",
            "WS",
            "XK",
            "ZA",
            "ZM",
            "ZW"
          ],
          "external_urls": {
            "spotify": "https://open.spotify.com/album/4JmrIJbpHWHZxOJg4awGh4"
          },
          "href": "https://api.spotify.com/v1/albums/4JmrIJbpHWHZxOJg4awGh4",
          "id": "4JmrIJbpHWHZxOJg4awGh4",
          "images": [
            {
              "height": 640,
              "url": "https://i.scdn.co/image/ab67616d0000b273ca7cad7b1dd4996d643433ef",
              "width": 640
            },
            {
              "height": 300,
              "url": "https://i.scdn.co/image/ab67616d00001e02ca7cad7b1dd4996d643433ef",
              "width": 300
            },
            {
              "height": 64,
              "url": "https://i.scdn.co/image/ab67616d00004851ca7cad7b1dd4996d643433ef",
              "width": 64
            }
          ],
          "name": "The Happy Song",
          "release_date": "2016-10-17",
          "release_date_precision": "day",
          "total_tracks": 2,
          "type": "album",
          "uri": "spotify:album:4JmrIJbpHWHZxOJg4awGh4"
        },
        "artists": [
          {
            "external_urls": {
              "spotify": "https://open.spotify.com/artist/6Xb4ezwoAQC4516kI89nWz"
            },
            "href": "https://api.spotify.com/v1/artists/6Xb4ezwoAQC4516kI89nWz",
            "id": "6Xb4ezwoAQC4516kI89nWz",
            "name": "Imogen Heap",
            "type": "artist",
            "uri": "spotify:artist:6Xb4ezwoAQC4516kI89nWz"
          }
        ],
        "available_markets": [
          "AR",
          "AU",
          "AT",
          "BE",
          "BO",
          "BR",
          "BG",
          "CA",
          "CL",
          "CO",
          "CR",
          "CY",
          "CZ",
          "DK",
          "DO",
          "DE",
          "EC",
          "EE",
          "SV",
          "FI",
          "FR",
          "GR",
          "GT",
          "HN",
          "HK",
          "HU",
          "IS",
          "IE",
          "IT",
          "LV",
          "LT",
          "LU",
          "MY",
          "MT",
          "MX",
          "NL",
          "NZ",
          "NI",
          "NO",
          "PA",
          "PY",
          "PE",
          "PH",
          "PL",
          "PT",
          "SG",
          "SK",
          "ES",
          "SE",
          "CH",
          "TW",
          "TR",
          "UY",
          "US",
          "GB",
          "AD",
          "LI",
          "MC",
          "ID",
          "JP",
          "TH",
          "VN",
          "RO",
          "IL",
          "ZA",
          "SA",
          "AE",
          "BH",
          "QA",
          "OM",
          "KW",
          "EG",
          "MA",
          "DZ",
          "TN",
          "LB",
          "JO",
          "PS",
          "IN",
          "BY",
          "KZ",
          "MD",
          "UA",
          "AL",
          "BA",
          "HR",
          "ME",
          "MK",
          "RS",
          "SI",
          "KR",
          "BD",
          "PK",
          "LK",
          "GH",
          "KE",
          "NG",
          "TZ",
          "UG",
          "AG",
          "AM",
          "BS",
          "BB",
          "BZ",
          "BT",
          "BW",
          "BF",
          "CV",
          "CW",
          "DM",
          "FJ",
          "GM",
          "GE",
          "GD",
          "GW",
          "GY",
          "HT",
          "JM",
          "KI",
          "LS",
          "LR",
          "MW",
          "MV",
          "ML",
          "MH",
          "FM",
          "NA",
          "NR",
          "NE",
          "PW",
          "PG",
          "WS",
          "SM",
          "ST",
          "SN",
          "SC",
          "SL",
          "SB",
          "KN",
          "LC",
          "VC",
          "SR",
          "TL",
          "TO",
          "TT",
          "TV",
          "VU",
          "AZ",
          "BN",
          "BI",
          "KH",
          "CM",
          "TD",
          "KM",
          "GQ",
          "SZ",
          "GA",
          "GN",
          "KG",
          "LA",
          "MO",
          "MR",
          "MN",
          "NP",
          "RW",
          "TG",
          "UZ",
          "ZW",
          "BJ",
          "MG",
          "MU",
          "MZ",
          "AO",
          "CI",
          "DJ",
          "ZM",
          "CD",
          "CG",
          "IQ",
          "LY",
          "TJ",
          "VE",
          "ET",
          "XC",
          "XK"
        ],
        "disc_number": 1,
        "duration_ms": 157924,
        "explicit": false,
        "external_ids": { "isrc": "SE5BU1601156" },
        "external_urls": {
          "spotify": "https://open.spotify.com/track/6snoOAATGyud5oaIT9gwws"
        },
        "href": "https://api.spotify.com/v1/tracks/6snoOAATGyud5oaIT9gwws",
        "id": "6snoOAATGyud5oaIT9gwws",
        "is_local": false,
        "name": "The Happy Song",
        "popularity": 59,
        "preview_url": "https://p.scdn.co/mp3-preview/2461b675dccaefe12e6996b4ca639dd9206f086d?cid=159ebc178c6c47edacedca15239cfd9b",
        "track_number": 1,
        "type": "track",
        "uri": "spotify:track:6snoOAATGyud5oaIT9gwws"
      },
      {
        "album": {
          "album_type": "album",
          "artists": [
            {
              "external_urls": {
                "spotify": "https://open.spotify.com/artist/2VIoWte1HPDbZ2WqHd2La7"
              },
              "href": "https://api.spotify.com/v1/artists/2VIoWte1HPDbZ2WqHd2La7",
              "id": "2VIoWte1HPDbZ2WqHd2La7",
              "name": "The Turtles",
              "type": "artist",
              "uri": "spotify:artist:2VIoWte1HPDbZ2WqHd2La7"
            }
          ],
          "available_markets": [
            "AD",
            "AE",
            "AG",
            "AL",
            "AM",
            "AO",
            "AR",
            "AT",
            "AU",
            "AZ",
            "BA",
            "BB",
            "BD",
            "BE",
            "BF",
            "BG",
            "BH",
            "BI",
            "BJ",
            "BN",
            "BO",
            "BR",
            "BS",
            "BT",
            "BW",
            "BY",
            "BZ",
            "CA",
            "CD",
            "CG",
            "CH",
            "CI",
            "CL",
            "CM",
            "CO",
            "CR",
            "CV",
            "CW",
            "CY",
            "CZ",
            "DE",
            "DJ",
            "DK",
            "DM",
            "DO",
            "DZ",
            "EC",
            "EE",
            "EG",
            "ES",
            "ET",
            "FI",
            "FJ",
            "FM",
            "FR",
            "GA",
            "GB",
            "GD",
            "GE",
            "GH",
            "GM",
            "GN",
            "GQ",
            "GR",
            "GT",
            "GW",
            "GY",
            "HK",
            "HN",
            "HR",
            "HT",
            "HU",
            "ID",
            "IE",
            "IL",
            "IN",
            "IQ",
            "IS",
            "IT",
            "JM",
            "JO",
            "JP",
            "KE",
            "KG",
            "KH",
            "KI",
            "KM",
            "KN",
            "KR",
            "KW",
            "KZ",
            "LA",
            "LB",
            "LC",
            "LI",
            "LK",
            "LR",
            "LS",
            "LT",
            "LU",
            "LV",
            "LY",
            "MA",
            "MC",
            "MD",
            "MG",
            "MH",
            "MK",
            "ML",
            "MN",
            "MO",
            "MR",
            "MT",
            "MU",
            "MV",
            "MW",
            "MX",
            "MY",
            "MZ",
            "NA",
            "NE",
            "NG",
            "NI",
            "NL",
            "NO",
            "NP",
            "NR",
            "NZ",
            "OM",
            "PA",
            "PE",
            "PG",
            "PH",
            "PK",
            "PL",
            "PS",
            "PT",
            "PW",
            "PY",
            "QA",
            "RO",
            "RW",
            "SA",
            "SB",
            "SC",
            "SE",
            "SG",
            "SI",
            "SK",
            "SL",
            "SM",
            "SN",
            "SR",
            "ST",
            "SV",
            "SZ",
            "TD",
            "TG",
            "TH",
            "TJ",
            "TL",
            "TN",
            "TO",
            "TR",
            "TT",
            "TV",
            "TW",
            "TZ",
            "UA",
            "UG",
            "US",
            "UY",
            "UZ",
            "VC",
            "VE",
            "VN",
            "VU",
            "WS",
            "ZA",
            "ZM",
            "ZW"
          ],
          "external_urls": {
            "spotify": "https://open.spotify.com/album/2pMxs38Y5A0mmHrcu3twvB"
          },
          "href": "https://api.spotify.com/v1/albums/2pMxs38Y5A0mmHrcu3twvB",
          "id": "2pMxs38Y5A0mmHrcu3twvB",
          "images": [
            {
              "height": 640,
              "url": "https://i.scdn.co/image/ab67616d0000b27372649ad8e79d1e8bdd54c929",
              "width": 640
            },
            {
              "height": 300,
              "url": "https://i.scdn.co/image/ab67616d00001e0272649ad8e79d1e8bdd54c929",
              "width": 300
            },
            {
              "height": 64,
              "url": "https://i.scdn.co/image/ab67616d0000485172649ad8e79d1e8bdd54c929",
              "width": 64
            }
          ],
          "name": "Happy Together",
          "release_date": "1967",
          "release_date_precision": "year",
          "total_tracks": 14,
          "type": "album",
          "uri": "spotify:album:2pMxs38Y5A0mmHrcu3twvB"
        },
        "artists": [
          {
            "external_urls": {
              "spotify": "https://open.spotify.com/artist/2VIoWte1HPDbZ2WqHd2La7"
            },
            "href": "https://api.spotify.com/v1/artists/2VIoWte1HPDbZ2WqHd2La7",
            "id": "2VIoWte1HPDbZ2WqHd2La7",
            "name": "The Turtles",
            "type": "artist",
            "uri": "spotify:artist:2VIoWte1HPDbZ2WqHd2La7"
          }
        ],
        "available_markets": [
          "AR",
          "AU",
          "AT",
          "BE",
          "BO",
          "BR",
          "BG",
          "CA",
          "CL",
          "CO",
          "CR",
          "CY",
          "CZ",
          "DK",
          "DO",
          "DE",
          "EC",
          "EE",
          "SV",
          "FI",
          "FR",
          "GR",
          "GT",
          "HN",
          "HK",
          "HU",
          "IS",
          "IE",
          "IT",
          "LV",
          "LT",
          "LU",
          "MY",
          "MT",
          "MX",
          "NL",
          "NZ",
          "NI",
          "NO",
          "PA",
          "PY",
          "PE",
          "PH",
          "PL",
          "PT",
          "SG",
          "SK",
          "ES",
          "SE",
          "CH",
          "TW",
          "TR",
          "UY",
          "US",
          "GB",
          "AD",
          "LI",
          "MC",
          "ID",
          "JP",
          "TH",
          "VN",
          "RO",
          "IL",
          "ZA",
          "SA",
          "AE",
          "BH",
          "QA",
          "OM",
          "KW",
          "EG",
          "MA",
          "DZ",
          "TN",
          "LB",
          "JO",
          "PS",
          "IN",
          "BY",
          "KZ",
          "MD",
          "UA",
          "AL",
          "BA",
          "HR",
          "MK",
          "SI",
          "KR",
          "BD",
          "PK",
          "LK",
          "GH",
          "KE",
          "NG",
          "TZ",
          "UG",
          "AG",
          "AM",
          "BS",
          "BB",
          "BZ",
          "BT",
          "BW",
          "BF",
          "CV",
          "CW",
          "DM",
          "FJ",
          "GM",
          "GE",
          "GD",
          "GW",
          "GY",
          "HT",
          "JM",
          "KI",
          "LS",
          "LR",
          "MW",
          "MV",
          "ML",
          "MH",
          "FM",
          "NA",
          "NR",
          "NE",
          "PW",
          "PG",
          "WS",
          "SM",
          "ST",
          "SN",
          "SC",
          "SL",
          "SB",
          "KN",
          "LC",
          "VC",
          "SR",
          "TL",
          "TO",
          "TT",
          "TV",
          "VU",
          "AZ",
          "BN",
          "BI",
          "KH",
          "CM",
          "TD",
          "KM",
          "GQ",
          "SZ",
          "GA",
          "GN",
          "KG",
          "LA",
          "MO",
          "MR",
          "MN",
          "NP",
          "RW",
          "TG",
          "UZ",
          "ZW",
          "BJ",
          "MG",
          "MU",
          "MZ",
          "AO",
          "CI",
          "DJ",
          "ZM",
          "CD",
          "CG",
          "IQ",
          "LY",
          "TJ",
          "VE",
          "ET"
        ],
        "disc_number": 1,
        "duration_ms": 176293,
        "explicit": false,
        "external_ids": { "isrc": "USA560587940" },
        "external_urls": {
          "spotify": "https://open.spotify.com/track/1JO1xLtVc8mWhIoE3YaCL0"
        },
        "href": "https://api.spotify.com/v1/tracks/1JO1xLtVc8mWhIoE3YaCL0",
        "id": "1JO1xLtVc8mWhIoE3YaCL0",
        "is_local": false,
        "name": "Happy Together",
        "popularity": 72,
        "preview_url": "https://p.scdn.co/mp3-preview/13ddbe5ae8883d7197d78409426b3fe3a4fdcc66?cid=159ebc178c6c47edacedca15239cfd9b",
        "track_number": 6,
        "type": "track",
        "uri": "spotify:track:1JO1xLtVc8mWhIoE3YaCL0"
      }
    ],
    "limit": 10,
    "next": "https://api.spotify.com/v1/search?query=happy&type=track&offset=10&limit=10",
    "offset": 0,
    "previous": null,
    "total": 1000
  }
}
